{"cameraMode":{"drawMode":0,"name":"Shaded","section":"Shading Mode"},"sceneLighting":true,"audioPlay":false,"sceneViewState":{"showFog":true,"showMaterialUpdate":false,"showSkybox":true,"showFlares":true,"showImageEffects":true,"showParticleSystems":true},"in2DMode":false,"pivot":{"x":400.83514404296877,"y":-14.670425415039063,"z":0.0},"rotation":{"x":-0.0074996971525251869,"y":-0.00810182560235262,"z":-0.000060613932873820886,"w":0.9999391436576843},"size":37.382080078125,"orthographic":true}