{"cameraMode":{"drawMode":0,"name":"Shaded","section":"Shading Mode"},"sceneLighting":true,"audioPlay":false,"sceneViewState":{"showFog":true,"showMaterialUpdate":false,"showSkybox":true,"showFlares":true,"showImageEffects":true,"showParticleSystems":true},"in2DMode":false,"pivot":{"x":439.73486328125,"y":250.8498992919922,"z":0.0},"rotation":{"x":-0.0074996971525251869,"y":-0.00810182560235262,"z":-0.000060613932873820886,"w":0.9999391436576843},"size":523.7679443359375,"orthographic":true}