{"cameraMode":{"drawMode":0,"name":"Shaded","section":"Shading Mode"},"sceneLighting":true,"audioPlay":false,"sceneViewState":{"showFog":true,"showMaterialUpdate":false,"showSkybox":true,"showFlares":true,"showImageEffects":true,"showParticleSystems":true},"in2DMode":false,"pivot":{"x":656.4114379882813,"y":148.4515838623047,"z":3.692631483078003},"rotation":{"x":-0.0074996971525251869,"y":-0.00810182560235262,"z":-0.000060613932873820886,"w":0.9999391436576843},"size":739.510986328125,"orthographic":true}